<?xml version="1.0" encoding="UTF-8"?>
<!DOCTYPE log4j:configuration SYSTEM "log4j.dtd">
<log4j:configuration xmlns:log4j="http://jakarta.apache.org/log4j/">
	<appender name="RadiusLogFile" class="org.apache.log4j.DailyRollingFileAppender">
	    <param name="File" value="/opt/mfa/radius/logs/radius.log" />
        <param name="DatePattern" value="'.'yyyy-MM-dd" />
        <layout class="org.apache.log4j.PatternLayout">
          <param name="ConversionPattern" value="%d|%m%n"/>          
        </layout>
    </appender>
    <!-- <appender name="RadiusClientLogFile" class="org.apache.log4j.DailyRollingFileAppender">
       <param name="File" value="/opt/mfa/radius/logs/radius_client.log" />
	   <param name="DatePattern" value="'.'yyyy-MM-dd" />
       <layout class="org.apache.log4j.PatternLayout">
          <param name="ConversionPattern" value="%d %-5p [%c{1}] %m%n" />
       </layout>       
	</appender> -->   	
	<logger name="org.tinyradius.util.RadiusClient" additivity="false">
		<level value="OFF"/>
		<!-- <appender-ref ref="RadiusClientLogFile"/> -->
	</logger>
	<logger name="RadiusLog" additivity="false">
		<level value="INFO" />
		<appender-ref ref="RadiusLogFile"/>
	</logger>
</log4j:configuration>